{"cameraMode":{"drawMode":0,"name":"Shaded","section":"Shading Mode"},"sceneLighting":true,"audioPlay":false,"sceneViewState":{"m_AlwaysRefresh":false,"showFog":true,"showSkybox":true,"showFlares":true,"showImageEffects":true,"showParticleSystems":true,"showVisualEffectGraphs":true,"m_FxEnabled":true},"in2DMode":false,"pivot":{"x":0.1109636127948761,"y":-12.594843864440918,"z":1.9144260883331299},"rotation":{"x":0.629568874835968,"y":0.022355366498231889,"z":-0.018171021714806558,"w":0.7764527201652527},"size":8.668434143066407,"orthographic":false}