{"cameraMode":{"drawMode":0,"name":"Shaded","section":"Shading Mode"},"sceneLighting":true,"audioPlay":false,"sceneViewState":{"m_AlwaysRefresh":false,"showFog":true,"showSkybox":true,"showFlares":true,"showImageEffects":true,"showParticleSystems":true,"showVisualEffectGraphs":true,"m_FxEnabled":true},"in2DMode":false,"pivot":{"x":18.5185489654541,"y":13.963300704956055,"z":162.2772216796875},"rotation":{"x":-0.038620151579380038,"y":0.05724126845598221,"z":0.0022019934840500356,"w":0.9976491928100586},"size":82.91466522216797,"orthographic":false}