{"cameraMode":{"drawMode":0,"name":"Shaded","section":"Shading Mode"},"sceneLighting":true,"audioPlay":false,"sceneViewState":{"m_AlwaysRefresh":false,"showFog":true,"showSkybox":true,"showFlares":true,"showImageEffects":true,"showParticleSystems":true,"showVisualEffectGraphs":true,"m_FxEnabled":true},"in2DMode":false,"pivot":{"x":-1.4477827548980713,"y":-0.1985083818435669,"z":0.022286415100097657},"rotation":{"x":-0.21478056907653809,"y":0.5163016319274902,"z":-0.13558508455753327,"w":-0.8178741335868836},"size":1.974945306777954,"orthographic":false}