{"cameraMode":{"drawMode":0,"name":"Shaded","section":"Shading Mode"},"sceneLighting":true,"audioPlay":false,"sceneViewState":{"m_AlwaysRefresh":false,"showFog":true,"showSkybox":true,"showFlares":true,"showImageEffects":true,"showParticleSystems":true,"showVisualEffectGraphs":true,"m_FxEnabled":true},"in2DMode":false,"pivot":{"x":-0.0014160796999931336,"y":-0.015017867088317871,"z":-0.0008209943771362305},"rotation":{"x":0.09731177985668183,"y":0.7405264973640442,"z":-0.10988245904445648,"w":0.6558073163032532},"size":1.0660548210144044,"orthographic":false}